GTIN,Link
85805558420,
3423222012670,https://www.deloox.se/produkt/1222309/narciso-rodriguez-for-her-musc-noir-eau-de-parfum-100-ml.html
3614273070232,https://www.deloox.se/produkt/1216441/armani-emporio-he-eau-de-toilette-100-ml.html
3337872411991,https://www.deloox.se/produkt/1122396/la-roche-posay-effaclar-purifying-foaming-gel-400-ml.html
3423470480986,https://www.deloox.se/produkt/1011235/issey-miyake-leau-dissey-eau-de-toilette-100-ml.html
3386460036351,
3349668515714,https://www.deloox.se/produkt/1021090/paco-rabanne-invictus-after-shave-vatten-after-shave-vatten-100-ml.html
729238139237,https://www.deloox.se/produkt/1162181/shiseido-future-solution-lx-firming-contour-serum-50-ml.html
737052130934,https://www.deloox.se/produkt/1000107/hugo-boss-xy-eau-de-toilette-100-ml.html
8011003807871,https://www.deloox.se/produkt/1019159/moschino-pink-bouquet-eau-de-toilette-100-ml.html
3386460136549,https://www.deloox.se/produkt/1282312/jimmy-choo-rose-passion-eau-de-parfum-100-ml.html
3337875816809,
3337875757515,https://www.deloox.se/produkt/1274077/la-roche-posay-toleriane-dermallergo-ogonkram-20-ml.html
27131963349,
3337875537315,https://www.deloox.se/produkt/1223174/la-roche-posay-lipikar-syndet-ap-lichaamsreiniging-400-ml.html
3337872413025,https://www.deloox.se/produkt/1222712/la-roche-posay-effaclar-mat-dagkram-40-ml.html
88300139507,
768614178743,https://www.deloox.se/produkt/1227035/shiseido-waso-shikulime-gel-to-oil-125-ml.html
27131963356,
3386460036467,https://www.deloox.se/produkt/1013909/boucheron-jaipur-bracelet-eau-de-parfum-100-ml.html
192333128701,https://www.deloox.se/produkt/1247698/clinique-quickliner-for-brows-ogonbrynspenna-soft-brown-06-gram.html
7640233341407,https://www.deloox.se/produkt/1289602/elie-saab-elixir-eau-de-parfum-100-ml.html
3264680004117,https://www.deloox.se/produkt/1079519/nuxe-reve-de-miel-lip-moisturizing-stick-4-g.html
3433422408159,https://www.deloox.se/produkt/1219303/la-roche-posay-effaclar-astringent-toner-200-ml.html
8011530000127,https://www.deloox.se/produkt/1225262/laura-biagiotti-roma-uomo-eau-de-toilette-200-ml.html
7640111492108,https://www.deloox.se/produkt/1001998/gres-cabotine-rose-eau-de-toilette-100-ml.html
887167507739,
887167466692,https://www.deloox.se/produkt/1236553/estee-lauder-futurist-hydra-rescue-foundation-2n1-dessert-beige-35-ml.html
3386460057059,https://www.deloox.se/produkt/1021279/boucheron-place-vendome-eau-de-parfum-100-ml.html
8015150250337,https://www.deloox.se/produkt/1084565/collistar-special-perfect-body-energizing-talasso-scrub-700-g.html
3386461515688,https://www.deloox.se/produkt/1001241/lanvin-eclat-darpege-eau-de-parfum-100-ml.html
20714711948,
3423222010324,https://www.deloox.se/produkt/1225289/issey-miyake-a-drop-dissey-eau-de-parfum-90-ml.html
20714227685,
3349668530564,
85805785345,
3264680015861,https://www.deloox.se/produkt/1218682/nuxe-creme-prodigieuse-boost-multi-correction-eye-balm-gel-15-ml.html
729238147324,https://www.deloox.se/produkt/1180225/shiseido-archliner-ink-waterproof-eyeliner-svart-04-ml.html
20714174231,
729238147331,https://www.deloox.se/produkt/1180239/shiseido-microliner-ink-eyeliner-01-black-008-g.html
3473311932600,https://www.deloox.se/produkt/1276177/sisley-leau-revee-dalma-eau-de-toilette-100-ml.html
3605520385568,https://www.deloox.se/produkt/1001095/diesel-fuel-for-life-woman-eau-de-parfum-50-ml.html
3414206000059,https://www.deloox.se/produkt/1000073/joop-femme-eau-de-toilette-100-ml.html
3433422401907,https://www.deloox.se/produkt/1247002/la-roche-posay-respectissime-ogonmakeupborttagare-125-ml.html
3337872412646,https://www.deloox.se/produkt/1262314/la-roche-posay-hydraphase-intense-eyes-15-ml.html
3614225671333,https://www.deloox.se/produkt/1188118/calvin-klein-eternity-flame-for-women-eau-de-parfum-100-ml.html
192333078068,https://www.deloox.se/produkt/1234622/clinique-even-better-clinical-serum-foundation-cn40-cream-chamois-30-ml.html
3346470433595,https://www.deloox.se/produkt/1295113/guerlain-kisskiss-tender-matte-lappstift-770-desire-red-28-g.html
3346470436114,https://www.deloox.se/produkt/1271485/guerlain-parure-gold-skin-matte-foundation-3n-neutralneutre-35-ml.html
3337872414145,https://www.deloox.se/produkt/1220443/la-roche-posay-cicaplast-handkram-50-ml.html
3607346236543,https://www.deloox.se/produkt/1020546/roberto-cavalli-just-cavalli-for-her-eau-de-toilette-75-ml.html
7640233340059,
3337875696548,https://www.deloox.se/produkt/1228199/la-roche-posay-lipikar-baume-400-ml.html
3616302015580,https://www.deloox.se/produkt/1004820/calvin-klein-free-eau-de-toilette-100-ml.html
3274872372146,https://www.deloox.se/produkt/1177621/givenchy-linterdit-eau-de-parfum-80-ml.html
887167620841,https://www.deloox.se/produkt/1294942/estee-lauder-advanced-night-cleansing-gelee-100-ml.html
192333100974,
3605530262309,
3346130422822,https://www.deloox.se/produkt/1297726/hermes-terre-dhermes-parfymset.html
192333175439,https://www.deloox.se/produkt/1310418/clinique-anti-blemish-solutions-foundation-anti-imperfections-cn-28-ivory-30-ml.html
730852147270,https://www.deloox.se/produkt/1180344/shiseido-kajal-inkartist-shadow-liner-plum-blossom-08-g.html
887167491533,https://www.deloox.se/produkt/1244905/estee-lauder-bronze-goddess-highlighting-powder-gelee-01-heatwave-9-g.html
3346470440883,https://www.deloox.se/produkt/1309500/guerlain-noir-g-bee-primer-base-serum-mascara-6-g.html
3473311853325,https://www.deloox.se/produkt/1090354/sisley-so-curl-mascara-01-deep-black-10-ml.html
888066023948,https://www.deloox.se/produkt/1035391/tom-ford-velvet-orchid-eau-de-parfum-100-ml.html
729238149335,https://www.deloox.se/produkt/1186700/shiseido-white-lucent-overnight-cream-mask-75-ml.html
3614273662543,https://www.deloox.se/produkt/1276819/viktor-rolf-good-fortune-eau-de-parfum-refillable-50-ml.html
887167500259,https://www.deloox.se/produkt/1257268/estee-lauder-double-wear-24h-waterproof-gel-eye-pencil-onyx-12-g.html
685428017580,https://www.deloox.se/produkt/1324338/bumble-and-bumble-hairdressers-invisible-oil-shampoo-473-ml.html
3423470890051,https://www.deloox.se/produkt/1040117/narciso-rodriguez-for-her-duschgel-200-ml.html
3473311801135,https://www.deloox.se/produkt/1080347/sisley-phyto-poudre-libre-03-rose-dorient-12-g.html
887167466753,https://www.deloox.se/produkt/1244893/estee-lauder-futurist-hydra-rescue-foundation-3n2-wheat-35-ml.html
192333175507,https://www.deloox.se/produkt/1310418/clinique-anti-blemish-solutions-foundation-anti-imperfections-cn-28-ivory-30-ml.html
3473311415707,https://www.deloox.se/produkt/1139379/sisley-gentle-cleansing-gel-120-ml.html
3346470436589,https://www.deloox.se/produkt/1266559/guerlain-the-eye-pencil-ogonpenna-02-brown-earth-3-g.html
3346470436084,https://www.deloox.se/produkt/1271473/guerlain-parure-gold-skin-matte-foundation-1c-coolrose-35-ml.html
3348901663205,https://www.deloox.se/produkt/1321350/dior-diorshow-stylo-eyeliner-664-brick-12-g.html
3386460100335,https://www.deloox.se/produkt/1169417/van-cleef-arpels-collection-extraordinaire-neroli-amara-eau-de-parfum-75-ml.html
22548366462,
768614104674,https://www.deloox.se/produkt/1039778/shiseido-advanced-body-creator-200-ml.html
3386460119023,https://www.deloox.se/produkt/1284547/lanvin-eclat-darpege-mon-eclat-eau-de-parfum-100-ml.html
4973167228692,https://www.deloox.se/produkt/1168552/sensai-glowing-base-30-ml.html
20714495442,
730852160804,https://www.deloox.se/produkt/1195657/shiseido-synchro-skin-self-refreshing-liquid-foundation-330-bamboo-30-ml.html
3348901566780,https://www.deloox.se/produkt/1332337/dior-forever-couture-luminizer-01-nude-glow-6-g.html
192333074664,https://www.deloox.se/produkt/1037236/clinique-superbalanced-make-up-03-ivorycn28-ivory-30-ml.html
3473311592309,https://www.deloox.se/produkt/1284175/sisley-phyto-blanc-targeted-dark-spot-corrector-7-ml.html
3348901525954,https://www.deloox.se/produkt/1313091/dior-forever-natural-nude-foundation-3n-neutral-30-ml.html
3349666007983,https://www.deloox.se/produkt/1012019/paco-rabanne-1-million-after-shave-vatten-after-shave-vatten-100-ml.html
3386460007078,https://www.deloox.se/produkt/1006046/lanvin-rumeur-2-rose-eau-de-parfum-100-ml.html
8058045436621,https://www.deloox.se/produkt/1294387/trussardi-ruby-red-eau-de-parfum-90-ml.html
3473311521033,https://www.deloox.se/produkt/1286362/sisley-phyto-pate-moussante-85-g.html
887167491557,https://www.deloox.se/produkt/1244908/estee-lauder-bronze-goddess-highlighting-powder-gelee-03-modern-mercury-9-g.html
3274872438828,https://www.deloox.se/produkt/1244209/givenchy-irresistible-eau-de-toilette-fraiche-50-ml.html
3473311931108,https://www.deloox.se/produkt/1276183/sisley-leau-revee-disa-eau-de-toilette-100-ml.html
729238177253,https://www.deloox.se/produkt/1180239/shiseido-microliner-ink-eyeliner-01-black-008-g.html
3348901595971,
3253581764640,https://www.deloox.se/produkt/1305611/loccitane-almond-nail-handkram-75-ml.html
3701436908638,https://www.deloox.se/produkt/1317675/lierac-the-ogonmakeupborttagare-100-ml.html
3346470437753,https://www.deloox.se/produkt/1271545/guerlain-precious-light-rejuvenating-illuminator-1-light-golden-2-ml.html
3562700373084,https://www.deloox.se/produkt/1035291/jaguar-classic-blue-eau-de-toilette-100-ml.html
3607346236581,https://www.deloox.se/produkt/1019119/roberto-cavalli-just-cavalli-for-him-eau-de-toilette-90-ml.html
8054609782234,
3616301623298,https://www.deloox.se/produkt/1264525/hugo-boss-boss-selection-eau-de-toilette-100-ml.html
3423473095651,
737052549910,https://www.deloox.se/produkt/1023821/hugo-boss-boss-nuit-eau-de-parfum-30-ml.html
8719134161168,
20714463724,
3701436910952,https://www.deloox.se/produkt/1301357/lierac-hydragenist-rehydrating-serum-30-ml.html
20714996970,
3473311703415,https://www.deloox.se/produkt/1182155/sisley-le-phyto-rouge-lipstick-31-orange-acapulco-34-g.html
20714899851,
3348901663465,https://www.deloox.se/produkt/1321347/dior-5-couleurs-ogonskuggspalett-279-denim-7-g.html
3473311694201,https://www.deloox.se/produkt/1297874/sisley-hair-rituel-the-invisible-hold-hairspray-250-ml.html
3348901609852,https://www.deloox.se/produkt/1332328/dior-addict-shine-lappstift-refillable-527-atelier-32-g.html
3473311809032,https://www.deloox.se/produkt/1270597/sisley-phyto-teint-nude-foundation-2n-ivory-beige-30-ml.html
3348901602792,https://www.deloox.se/produkt/1303292/dior-addict-lip-tint-641-natural-red-tangerine-5-ml.html
20714462710,
3337875757614,https://www.deloox.se/produkt/1263949/la-roche-posay-toleriane-dermallergo-creme-40-ml.html
602004087867,https://www.deloox.se/produkt/1226921/benefit-badgal-bang-mascara-svart-85-g.html
887167610620,https://www.deloox.se/produkt/1285648/estee-lauder-nutritious-melting-soft-creammask-50-ml.html
3253581716625,https://www.deloox.se/produkt/1271974/loccitane-shea-butter-light-comforting-dagcreme-50-ml.html
3433422406599,https://www.deloox.se/produkt/1247044/la-roche-posay-toleriane-dermo-cleanser-400-ml.html
8011003878611,https://www.deloox.se/produkt/1313766/moschino-toy-2-pearl-eau-de-parfum-100-ml.html
8015150251839,https://www.deloox.se/produkt/1085052/collistar-deep-moisturizing-fluid-400-ml.html
3282770110111,
20714445317,
3253581770078,https://www.deloox.se/produkt/1326568/loccitane-lavande-dusch-tval-250-ml.html
729238155787,https://www.deloox.se/produkt/1186752/shiseido-sports-compact-bb-cream-light-12-g.html
729238177246,https://www.deloox.se/produkt/1180239/shiseido-microliner-ink-eyeliner-01-black-008-g.html
3348901572859,
3348901610001,https://www.deloox.se/produkt/1303298/dior-addict-lappstift-refillable-008-dior-8-32-g.html
3348901507998,https://www.deloox.se/produkt/1306371/dior-diorshow-crayon-sourcils-poudre-032-dark-brown-12-g.html
3348901491228,https://www.deloox.se/produkt/1315173/dior-addict-lip-glow-oil-007-raspberry-6-ml.html
3348901609760,https://www.deloox.se/produkt/1313979/dior-addict-lappstift-refillable-418-beige-oblique-32-g.html
3701436917463,https://www.deloox.se/produkt/1322046/lierac-body-sculpt-the-firming-bust-gel-75-ml.html
730852177130,https://www.deloox.se/produkt/1276834/shiseido-pop-powdergel-ogonskugga-01-shin-shin-crystal-25-g.html
3346470437777,
3348901601504,https://www.deloox.se/produkt/1307755/dior-addict-lip-tint-771-natural-berry-5-ml.html
3282770037586,
20714066321,
887167189942,https://www.deloox.se/produkt/1305629/estee-lauder-brow-now-brow-defining-pencil-blonde-12-g.html
3346130012504,https://www.deloox.se/produkt/1037524/hermes-jour-dhermes-absolu-eau-de-parfum-refillable-50-ml.html
3614271548351,https://www.deloox.se/produkt/1137957/biotherm-le-deodorant-by-lait-corporel-roll-on-anti-transpirant-75-ml.html
3346130011088,
3348901605762,https://www.deloox.se/produkt/1318593/dior-addict-shine-lappstift-refillable-536-lucky-32-g.html
3338221007100,
887167466821,https://www.deloox.se/produkt/1244893/estee-lauder-futurist-hydra-rescue-foundation-3n2-wheat-35-ml.html
3386460134255,https://www.deloox.se/produkt/1256263/rochas-girl-blooming-edition-eau-de-toilette-40-ml.html
730852157347,https://www.deloox.se/produkt/1195612/shiseido-synchro-skin-self-refreshing-concealer-203-light-58-ml.html
3348901605854,https://www.deloox.se/produkt/1318590/dior-addict-shine-lappstift-refillable-976-be-dior-32-g.html
3348901572903,
729238193499,https://www.deloox.se/produkt/1308969/shiseido-revitalessence-skin-glow-foundation-alder-230-30-ml.html
3348901656047,https://www.deloox.se/produkt/1303298/dior-addict-lappstift-refillable-008-dior-8-32-g.html
3348901609920,https://www.deloox.se/produkt/1313979/dior-addict-lappstift-refillable-418-beige-oblique-32-g.html
3701436917616,https://www.deloox.se/produkt/1327681/lierac-phytolastil-le-gel-200-ml.html
3348901572873,
768614156741,https://www.deloox.se/produkt/1207610/shiseido-expert-sun-solskydd-spf-30.html
20714918309,
3386460010405,https://www.deloox.se/produkt/1005561/lanvin-jeanne-lanvin-eau-de-parfum-100-ml.html
3473311405609,https://www.deloox.se/produkt/1040030/sisley-facial-mask-60-ml.html
602004089557,https://www.deloox.se/produkt/1227275/benefit-badgal-bang-mini-mascara-svart-4-g.html
7640111492955,https://www.deloox.se/produkt/1012321/gres-cabotine-gold-eau-de-toilette-100-ml.html
3253581763162,https://www.deloox.se/produkt/1320642/loccitane-immortelle-precieuse-rengoringsolja-200-ml.html
3346130433743,https://www.deloox.se/produkt/1308705/hermes-terre-dhermes-parfum-parfymset.html
3346470131156,https://www.deloox.se/produkt/1181840/guerlain-la-petite-robe-noire-eau-de-parfum-100-ml.html
192333102237,https://www.deloox.se/produkt/1273507/clinique-blended-face-powder-20-invisible-blend-25-g.html
3282770390476,
3338221002488,
192333171974,https://www.deloox.se/produkt/1300822/clinique-chubby-stick-intense-moisturizing-lip-colour-balm-25-curviest-caramel-3-g.html
3348901610100,https://www.deloox.se/produkt/1313979/dior-addict-lappstift-refillable-418-beige-oblique-32-g.html
3253581760864,https://www.deloox.se/produkt/1319916/loccitane-neroli-orchidee-hand-cream-75-ml.html
192333171936,https://www.deloox.se/produkt/1300621/clinique-quickliner-for-lips-chocolate-chip-03-g.html
192333171967,https://www.deloox.se/produkt/1300621/clinique-quickliner-for-lips-chocolate-chip-03-g.html
4973167523346,
3348901601429,https://www.deloox.se/produkt/1332325/dior-addict-lip-tint-5-ml.html
3348901608947,https://www.deloox.se/produkt/1296310/dior-forever-natural-velvet-compact-foundation-refillable-4n-neutral-10-gram.html
730852177055,https://www.deloox.se/produkt/1276834/shiseido-pop-powdergel-ogonskugga-01-shin-shin-crystal-25-g.html
730852171268,https://www.deloox.se/produkt/1245709/shiseido-synchro-skin-self-refreshing-tint-115-fair-shirakaba-30-ml.html
3346470437784,https://www.deloox.se/produkt/1271545/guerlain-precious-light-rejuvenating-illuminator-1-light-golden-2-ml.html
3423470311785,https://www.deloox.se/produkt/1035290/issey-miyake-leau-dissey-pour-homme-deodorant-150-ml.html
3423470311419,https://www.deloox.se/produkt/1024648/issey-miyake-leau-dissey-pour-homme-after-shave-vatten-after-shave-vatten-100-ml.html
602004071262,https://www.deloox.se/produkt/1255573/benefit-goof-proof-eyebrow-pencil-35-neutral-medium-brown-034-g.html
3348901525787,https://www.deloox.se/produkt/1313091/dior-forever-natural-nude-foundation-3n-neutral-30-ml.html
3137370357674,
3348901525749,https://www.deloox.se/produkt/1313091/dior-forever-natural-nude-foundation-3n-neutral-30-ml.html
773602327034,https://www.deloox.se/produkt/1207580/mac-pro-longwear-concealer-nw20-9-ml.html
3473311692412,https://www.deloox.se/produkt/1283152/sisley-hair-rituel-restructuring-conditioner-500-ml.html
3701129807316,https://www.deloox.se/produkt/1314252/bioderma-photoderm-pediatrics-spray-spf-50.html
3282770388381,
3701436910990,https://www.deloox.se/produkt/1294633/roger-gallet-jean-marie-farina-tval-100-g.html
